{
  "RandomForest_CV": {
    "mae_mean": 0.3891,
    "mae_std": 0.0026,
    "r2_mean": 0.5223,
    "r2_std": 0.0153,
    "per_fold_r2": [
      0.5227,
      0.5396,
      0.538,
      0.5,
      0.5111
    ]
  },
  "XGBoost_CV": {
    "mae_mean": 0.3667,
    "mae_std": 0.0033,
    "r2_mean": 0.5449,
    "r2_std": 0.0114,
    "per_fold_r2": [
      0.544,
      0.5554,
      0.558,
      0.5259,
      0.5413
    ]
  },
  "StatisticalTest": {
    "test": "paired_ttest",
    "metric": "r2",
    "model_a": "RandomForest",
    "model_b": "XGBoost",
    "mean_a": 0.5223,
    "mean_b": 0.5449,
    "t_statistic": -9.117,
    "p_value": 0.0008,
    "significant_at_0.05": true,
    "better_model": "XGBoost",
    "conclusion": "XGBoost significantly outperforms (p=0.0008 < 0.05)"
  },
  "FinalModel": {
    "name": "XGBoost",
    "test_mae_eur": 3.5045,
    "test_r2_log": 0.5444,
    "test_r2_raw": 0.0887
  },
  "SHAP_importance": {
    "Age": 0.181575,
    "Composure": 0.103046,
    "Stamina": 0.100361,
    "Anticipation": 0.092422,
    "Technique": 0.082403,
    "Strength": 0.077577,
    "Speed": 0.074303,
    "Acceleration": 0.071833,
    "Dribbling": 0.062554,
    "Passing": 0.05309,
    "Finishing": 0.050599,
    "Decisions": 0.05028,
    "Vision": 0.044293,
    "WorkRate": 0.036251,
    "Teamwork": 0.035161,
    "Positioning": 0.034169,
    "Heading": 0.033705,
    "Tackling": 0.030603,
    "Marking": 0.025436,
    "OffTheBall": 0.024602,
    "Aggression": 0.008502
  },
  "RF_feature_importance": {
    "Anticipation": 0.154384,
    "Composure": 0.152774,
    "Stamina": 0.092103,
    "Technique": 0.085135,
    "Speed": 0.062773,
    "Acceleration": 0.05085,
    "Passing": 0.044119,
    "Dribbling": 0.039957,
    "Age": 0.036471,
    "Vision": 0.032937,
    "Strength": 0.030877,
    "Teamwork": 0.029523,
    "Decisions": 0.028986,
    "WorkRate": 0.026424,
    "Tackling": 0.026085,
    "Positioning": 0.020161,
    "Heading": 0.018753,
    "Finishing": 0.018583,
    "OffTheBall": 0.018244,
    "Marking": 0.01664,
    "Aggression": 0.014221
  }
}